1,"{'id': '4', 'name': '김연아', 'car_number': 'ABS30', 'breakfast': '닭가슴살'}","{'id': '4', 'number': '13304', 'price': '30000', 'max_people': '2', 'breakfast': '파스타', 'clean_service': True}",2018-09-01,2018-09-04
2,"{'id': '4', 'name': '김연아', 'car_number': 'ABS30', 'breakfast': '닭가슴살'}","{'id': '4', 'number': '13304', 'price': '30000', 'max_people': '2', 'breakfast': '파스타', 'clean_service': True}",2018-08-01,2018-08-03
4,"{'id': '4', 'name': '김연아', 'car_number': 'ABS30', 'breakfast': '닭가슴살'}","{'id': '3', 'number': '103', 'price': '18000', 'max_people': '3', 'breakfast': False, 'clean_service': True}",2018-08-08,2018-08-10
5,"{'id': '4', 'name': '김연아', 'car_number': 'ABS30', 'breakfast': '닭가슴살'}","{'id': '2', 'number': '102', 'price': '15000', 'max_people': '2', 'breakfast': False, 'clean_service': False}",2018-08-01,2018-08-04
1,"{'id': '4', 'name': '김연아', 'car_number': 'ABS30', 'breakfast': '닭가슴살'}","{'id': '4', 'number': '13304', 'price': '30000', 'max_people': '2', 'breakfast': '파스타', 'clean_service': True}",2018-09-01,2018-09-04
2,"{'id': '4', 'name': '김연아', 'car_number': 'ABS30', 'breakfast': '닭가슴살'}","{'id': '4', 'number': '13304', 'price': '30000', 'max_people': '2', 'breakfast': '파스타', 'clean_service': True}",2018-08-01,2018-08-03
4,"{'id': '4', 'name': '김연아', 'car_number': 'ABS30', 'breakfast': '닭가슴살'}","{'id': '3', 'number': '103', 'price': '18000', 'max_people': '3', 'breakfast': False, 'clean_service': True}",2018-08-08,2018-08-10
5,"{'id': '4', 'name': '김연아', 'car_number': 'ABS30', 'breakfast': '닭가슴살'}","{'id': '2', 'number': '102', 'price': '15000', 'max_people': '2', 'breakfast': False, 'clean_service': False}",2018-08-01,2018-08-04
6,"{'id': '2', 'name': '쯔위', 'email': 'zhui@gmail.com'}","{'id': '1', 'number': '10001', 'price': '10000', 'max_people': '2', 'breakfast': False, 'clean_service': False}",2018-08-01,2018-08-04
7,"{'id': '4', 'name': '김연아', 'car_number': 'ABS30', 'breakfast': '닭가슴살VipCustomer'}","{'id': '5', 'number': '201', 'price': '35000', 'max_people': '4', 'breakfast': '피자', 'clean_service': True}",2018-12-01,2018-12-02
9,"{'id': '3', 'name': '나연', 'car_number': 'CA470', 'breakfast': '샐러드'}","{'id': '5', 'number': '201', 'price': '35000', 'max_people': '4', 'breakfast': '피자', 'clean_service': True}",2018-08-02,2018-08-04
